text,tags
Pyrolysis,B
pyrolysis oil,B I
pyrolysis,B
furnace,B
Quantum Teleportation,B I
Disposable Pathogen Monitoring Kit,B I I I
silver oxide zinc battery,B I I I
battery,B
flexible batteries,B I
Lithium ion battery,B I I
5G,B
Nanoreactor,B
Atomic Clock,B I
SLA 3D printing,B I I
3D printing,B I
SLA,B
additive manufacturing,B I
electric vehicles,B I
CDs,B
Cell Phones,B I
Mono Laser Fax Machine,B I I I
Laser Fax/Copier,B I
Laser Fax,B I
Laser Fax Machine,B I I
Fax Machine,B I
Plain Paper Fax and Copier,B I I I I
Compact Plain Paper Fax/Copier,B I I I
MSCs,B
MCS,B
micro supercapacitors,B I
metal 3D printing process,B I I I
multi material 3D printing,B I I I
ultrasonic additive manufacturing,B I I
powder bed fusion,B I I
Additive Manufacturing,B I
High Speed 3D Printing,B I I I
Industrial Additive Manufacturing,B I I
Metal Additive Manufacturing,B I I
3D scaffolds,B I
smart energy systems,B I I
Smart Energy System,B I I
wind turbines,B I
batteries,B
hyperloop,B
semiconductor,B
smart meters,B I
N95 mask,B I
3D printable silicon cast mask mold,B I I I I I
fibre sensor,B I
spacecraft,B
optical fibres,B I
large aperture sensors,B I I
space craft,B I
hydrogen technology,B I
smartphone,B
API,B
5G modem,B I
NPU,B
smartphones,B
5G modem RF system,B I I I
camera,B
smart dust,B I
SMART DUST,B I
Smart Dust,B I
semiconductor laser diode,B I I
MEMS,B
MEMS corner cube retro reflector,B I I I I
thick film batteries,B I I
solar cells,B I
CCR,B
electrostatic actuator,B I
CCRs,B
Passive Laser,B I
Active Laser,B I
Fiber Optic,B I
laser,B
Optical transceivers,B I
active bandpass filters,B I I
active steered laser,B I I
active laser,B I
active laserdiode transmitter,B I I
semiconductor laser,B I
passive optical comm,B I I
Distributed Wireless Sensor Network,B I I I
metal printing,B I
Ultrafuse technology,B I
metal additive manufacturing,B I I
metal 3D printing,B I I
3D printing resins,B I I
aircraft engines,B I
AM,B
3D printable superalloys,B I I
nickel based superalloys,B I I
single crystal ( SX ) turbine blades,B I I I I I I
multispectral imaging,B I
printing,B
NB-IoT platform,B I
Wire Grid Panels,B I I
High Speed Laser Fax Machine,B I I I I
Black Toner Cartridge,B I I
high speed laser fax machine,B I I I I
high speed fax machine,B I I I
printer,B
Laser fax machine,B I I
High Speed Fax Machine,B I I I
Laser Printing,B I
quantum computing,B I
quantum-computing,B
4D printing,B I
3D printing technology,B I I
shape memory,B I
4D printed shape memory,B I I I
microwave,B
Fax Modem,B I
Paperless Fax Machine,B I I
Plain Paper Thermal Transfer Fax/Copier,B I I I B
Plain Paper Fax Machine,B I I I
Fax Machine Imaging Film,B I I I
Plain Paper Fax,B I I
Inkjet Fax Machine,B I I
Flatbed Inkjet Fax Machine,B I I I
Fax/Copier,B
cathode,B
zinc anode,B I
AgO cathode,B I
Nanocubes,B
newspaper printing,B B
Inkjet Printer,B I
inkjet printing,B I
nuclear reactors,B I
fossil generators,B I
microporous breathable fabrics,B I I
Bitcoins,B
bitcoins,B
Electronic media communication,B I I
fax machine,B I
copying telegraph,B I
Image Scanner,B I
fax machines,B I
Fax Machines,B I
PHOTO SENSOR,B I
Wireless fax,B I
Electronic Fuel Injector,B I I
Nuclear Fission Reactor,B I I
tomohawk missile,B I
Supercontinuum Laser,B I
Near Infra Red ( NIR ) microcavity laser,B I I I I I I I
boron nitride nanotubes,B I I
Fax Machine Copier Phone,B I I I
Plain Paper Fax Phone,B I I I
Copier,B
Fax machine,B I
Plain Paper Facsimile Machine,B I I I
Plain Paper Fax Copier,B I I I
Paper Fax Copier Phone,B I I I
Plain Paper Fax Machine Telephone Copier,B I I I I I
Phone,B
Fax Copy Machine Copier,B I I I
Plain Paper Fax Machine Phone Copier Facsimile,B I I I I I I
MNPs,B
TEM,B
optical sensors,B I
colorimetric sensors,B I
colorimetric optical sensors,B I I
colorimetric sensing,B I
silver nanoprisms,B I
AgNPrs,B
smart building automation,B I I
fax app,B I
cloud faxing,B I
faxes,B
faxing,B
electric vehicle battery,B I I
EVs,B
USB C adapter,B I I
fingerprint scanner,B I
IPS panel,B I
AMOLED panel,B I
IPS display,B I
Atomic Force Microscope,B I I
AFM,B
nanocylinder probe,B I
AFM cantilever,B I
Plant Watering Alarm Humidity Moisture Sensor,B I I I I I
SMART Dust Sensor,B I I
optical sensing,B I
Optical Dust Sensor,B I I
Gas Sensor,B I
Methane Liquefied Gas Sensor,B I I I
laser dust sensor,B I I
Dust Sensor,B I
Dust sensor,B I
Optical Dust Smoke Sensor,B I I I
dust sensor,B I
JST connector,B I
Air Quality Sensor,B I I
Smart grid,B I
3D printing jewelry,B I I
FDM,B
3D printed fuel nozzles,B I I I
vertically integrated printed electronics additive manufacturing,B I I I B I
VIPRE,B
inkjet printer,B I
3D scanning,B I
Thermal Airborne Hyperspectral Imaging,B I I I
Hyper Cam,B I
thermal infrared hyperspectral imaging sensor,B I I I I
hyperspectral images,B I
Fiber Composite Racing Seat,B I I I
fiber composite racing seat,B I I I
zeta potential analyzer,B I I
Tip Scanning AFM,B I I
Inverted optical microscopes,B I I
fully motorized AFM systems,B I I I
Silver Oxide Zinc Battery,B I I I
Spacecraft,B
Batteries,B
Rotary Lip Seals,B I I
PCR Kits,B I
bitcoin BTC,B I
Ethereum,B
renBTC,B
Etherscan,B
smart contracts,B I
RenVM,B
ERC-20,B
Ren,B
cryptocurrency,B
multi-signature wallet,B B
Compact full-color holographic 3-D display,B I I I I
undersampled computer-generated holograms,I I I
oblique projection imaging,B I I
CGH,B
OPI-based longitudinal-to-lateral depth conversion,B I I I
LTL-DC,B
US-CGHs,B
center-shifted principle fringe patterns,B I I I
CS-PFPs,B
novel look-up table (NLUT) method,B I I I I I I
color-multiplexed hologram,B I
CMH,B
SLM,B
spatial light modulator,B I I
OPI-based LTL-DC,B I
full-color electro-holographic 3-D display,B I I I
undersampled computer-generated holograms,B I I
OPI,B
longitudinal-to-lateral depth conversion,B I I
digital imaging,B I
microscopy,B
Fluid Imaging,B I
Zeta Potential Analyzer,B I I
Digital Power Grid,B I I
actuators,B
flexible electronics,B I
nanocoatings,B
smart and adaptive electronic fibers,B I I I I
wind turbine water pumps,B I I I
Solar water pumping,B I I
electrical fencing,B I
water pumping,B I
water pumps,B I
milling,B
electrode,B
MOF based electrode,B I I
flexible symmetric MSC,B I I
Ni catecholate MOF,B I I
3D laser,B I
LSG/Ni MOF based MSCs,B I I I
all solid state MSCs,B I I I
flexible ternary hybrid film ( RGMA ),B I I I I I I
osmotic ( PNIPAm ) hydrogel,B I I I I
hydrogels,B
osmotic pressuredriven smart hydrogels,B I I I
EDGs,B
osmotic hydrogels,B I
PAAc gel,B I
3D printed tough physical hydrogels,B I I I I
strong contractile hydrogel,B I I
Matrix 3D Printer,B I I
3D Printer,B I
Laser Scan,B I
High temperature 3D printer,B I I I
Metal 3D printer,B I I
Resin 3D printer,B I I
Continuous fiber 3D printer,B I I I
Full color 3D printer,B I I I
smarter grid,B I
smart meter,B I
dielectric elastomers,B I
transistors,B
transistor,B
Reverse engineering chips,B I I
x ray imaging,B I I
reverse engineering,B I
bitcoin,B
Bitcoin,B
colorimetric sensor,B I
dopamine dithiocarbamate ( DDTC ) functionalized silver nanoparticles,B I I I I I I I
Desktop PC,B I
Tablet PC,B I
DVD Writer,B I
TV Card,B I
Card Reader,B I
Sound Card,B I
Laptop Battery,B I
Wireless Bridge,B I
Network Connector,B I
Splicer Machine,B I
Projector Screen,B I
Projector Mount,B I
Projector Lamp,B I
Wireless Presenter,B I
Banner Printer,B I
Barcode Printer,B I
Barcode Scanner,B I
ID Card Printer,B I I
Dot Matrix Printer,B I I
Digital Duplicator,B I
Copier Toner,B I
Printer Cartridge,B I
Thermal Paper Roll,B I I
PVC Card,B I
Money Counting Machine,B I I
Fake Note Detector,B I I
Digital Kiosk,B I
Power Bank,B I
Selfie Stick,B I
Mobile Signal Booster,B I I
Screen Protector,B I
VR Box,B I
PABX System,B I
TV Box,B I
Air Mouse,B I
Wireless Display Adapter,B I I
Game Console,B I
Game Controller,B I
Video Camera,B I
Digital Photo Frame,B I I
Camera Flash,B I
Camera Battery,B I
Camera Charger,B I
Memory Card,B I
Camera Tripod,B I
Auto dialler/Speed,B I
Faxes machine telephone,B I I
telephone,B
answering machine number recognition,B I I I
answering machine,B I
Fax machine telephone answering machine,B I I I I
number recognition,B I
telephone fax machine,B I I
copier answering machine,B I I
heat pumps,B I
Nanoshells,B
Nanorods,B
Nanomedicine,B
Surface Enhanced Spectroscopy,B I I
permanent magnets,B I
magnetic core-shell iron nanowires,B I I I
magnetic resonance imaging,B I I
MRI,B
nanowires,B
3D printers,B I
3D printer,B I
PAAm hydrogel,B I
p ( AAm co AAc ) hydrogel,B I I I I I I
PAAm alginate hydrogel,B I I
EDG,B
microfluidic,B
highthroughput microfluidic reactor,B I I
microfluidic screening,B I
Digital Light Manufacturing,B I I
DLP technology,B I
printers,B
cDLM technology,B I
3D Printing,B I
3D photopolymer,B I
energy-harvesting technology,B I
IoT sensors,B I
piggyback sensors,B I
Silver OxideZinc Battery,B I I
microcontroller,B
Bluetooth modules,B I
Li coin cells,B I I
printed battery cells,B I I
3D scanning tool,B I I
3D printed rocket fuel,B I I I
3D printed nuclear reactor components,B I I I I
3D printing nuclear components,B I I I
dual phase 3D printing,B I I I
biodegradable capsule,B I
X ray technology,B I I
Chemiluminescent Sensor Array,B I I
plasmonic sensors,B I
multi view light field display,B I I I I
multi view lightfield display,B I I I
Smartdust,B
Lithium Batteries,B I
lithium batteries,B I
lithium ion high performance batteries,B I I I I
lightweight high powered battery systems,B I I I I
digital currency,B I
decentralized finance ecosystem,B I I
EOS tokens,B I
Mono Laser Printers,B I I
Printers,B
Printer,B
Automatic Document Feeder,B I I
additive manufacturing technology,B I I
EBM,B
LAM,B
3D printing technique,B I I
3D printed jet engine model,B I I I I
custom 3D printing technology,B I I I
Fused Deposition Modelling ( FDM ),B I I I I I
Nonsilicon Computer Transistors,B I I
computer chips,B I
InGaAs,B
computer transistors,B I
InGaAs transistors,B I
indium gallium arsenide,B I I
bitcoin mining,B I
cloud computing,B I
laser beams,B I
electron beams,B I
additive manufacturing ( AM ) process,B I I I I I
AM process,B I
dry fog system,B I I
4G/LTE,B
wireless networking,B I
wireless networks,B I
Fax Machine App,B I I
faxing app,B I
quantum computers,B I
computers,B
2D integrated circuit technology,B I I I
Pseudo-2D superconducting quantum computing circuit,B I I I I
AAc ) network,B I I
hydrogel tube,B I
actuator,B
artificial muscle,B I
contractile hydrogel patch,B I I
smart wound dressing,B I I
responsive hydrogel,B I
catapult mechanism,B I
aerospace engine,B I
spacecrafts,B
metal laser sintering,B I I
rapid prototyping,B I
ultra bright X rays,B I I I
lithium ion batteries,B I I
PEEK,B
Fused Filament Fabrication ( FFF ) 3D printers,B I I I I I I I
dual-extrusion system,B I
Layer Plastic Deposition ( LPD ) technology,B I I I I I I
for 3D printing flight ready aerospace parts,B I I I I I I
Auto document feeder,B I I
ADF,B
LCD TFT,B I
Fax speed dialing,B I I
Tel/Fax switch,B I
Microphone,B
lead oxide coating,B I I
FFF systems,B I
metal tooling,B I
desktop printing,B I
photovoltaic technology,B I
power grid,B I
Electric Vehicles,B I
smart grid,B I
Smart grids,B I
embedded SIM technology,B I I
Smartphone,B
mono speaker,B I
WLAN,B
Colorimetric Sensors,B I
TEM images,B I
heavy metal ion detection,B I I I
motorcycle,B
3D body scan,B I I
Personal Protection Equipment,B I I
PPE,B
3D printed perfume,B I I
electrolyser,B
microgrid software,B I
microgrid,B
electrode holders,B I
motor heat sinks,B I I
helical heat exchangers,B I I
bus bars,B I
Helical heat exchanger,B I I
melt pool monitoring system,B I I I
sintering tests,B I
Multi Energy System ( MES ),B I I I I I
smart grids,B I
smart energy system,B I I
gas grids,B I
Biomimetic Tongue,B I
biomimetic tongue,B I
digital light processing technology,B I I I
nanocube,B
nanocubes,B
silver nanocubes,B I
2D semiconductors,B I
carbon nanotubes,B I
Single molecule detection,B I I
surface enhanced Raman scattering,B I I I
SERS,B
electron microscope,B I
molecular sensing,B I
quantum tunnelling,B I
biosensor,B
biosensor technologies,B I
biosensors,B
respirators,B
face masks,B I
Deep reinforcement learning,B I I
smart buildings,B I
smart buildings,B I
energy-efficient controllers,B I
Deep Reinforcement Learning ( DRL ) -based heating controller,B I I I I I I I I
DRL-based smart controller,B I I
thermostat controller,B I
centralized controller,B I
machine learning,B I
Smart Energy Systems,B I I
Smart energy systems,B I I
district heating systems,B I I
SES,B
3D printing technologies,B I I
Threedimensional printing,B I
5G/4G/3G multi communication,B I I
5G module,B I
4K videos,B I
5G network,B I
5G modules,B I
5G IoT wireless module,B I I I
5G SA,B I
5G NSA network,B I I
high-definition video live broadcast,B I I I
5G wireless gateway,B I I
5G CPE,B I
5G SD-WAN,B I
intelligent connected cars,B I I
smart transportation,B I
autonomous driving,B I
drone monitoring,B I
soft mouse pads,B I I
keyboard,B
Remote Sensing,B I
GPS,B
GIS,B
cryptocurrencies,B
Three-dimensional ( 3D ) printing,B I I I I
hydrogel,B
3D artificial tissue,B I I
SLA-4D printing,B I
polymeric-based 3D printing,B I I
tissue engineering,B I
thermally actuating hydrogels,B I I
3D tissues,B I
layer-by-layer technique,B I
thermoresponsive gel frame,B I I
Digital light processing ( DLP ) 3D-printing technology,B I I I I I I I
modified-release tablets,B I
Hydrogel,B
Photo-Crosslinkable/Temperature Reversible Chitosan Polymer,B I I I
Stereolithography 4D Printing Technology,B I I I
smart yarn,B I
AR,B
printed learning aids,B I I
inkjetting,B
Colour Laser Printers,B I I
Handheld Portable Label Printers,B I I I
Desktop Label Printers,B I I
Wristband & Label Printers,B I I I
Quilting & Embroidery Machines,B I I I
Monochrome Laser Fax machine,B I I I
monochrome laser business fax,B I I I
digital scanner,B I
automatic document feeder,B I I
LCD,B
Liquid Crystal Display,B I I
Drum unit,B I
Toner cartridge,B I
four dimensional ( 4D ) printing,B I I I I I
fused deposition modeling,B I I
FDM 3D printers,B I I
FDM printer,B I
FDM 3D printing,B I I
FDM Home/3D Printing,B B I
color 3D selfies,B I I
3D CAD model,B I I
3D printed models,B I I
2D photos,B I
full-color additive manufacturing technologies,B I I I
powder-based SLS color 3D printing,B I I I I
Color 3D Printing,B I I
manual shifter knob,B I I
electrical harness bracket,B I I
HVAC ducts,B I
Lithium-Ion Battery,B I
LIB,B
lithium-ion batteries,B I
"graphene-coated nickel , cobalt , aluminum nanoparticle cathodes",B I I I I I I I
Lithium-ion batteries,B I
LIBs,B
electrodes,B
LIB cathode,B I
graphene-coated NCA nanoparticles,B I I
LIB cathodes,B I
nickel-rich LIB cathodes,B I I
magnesium-ion batteries,B I
anodes,B
PVP Binder,B I
Cameras,B
Motorcycles,B
Computers/Tablets,B
DVDs,B
TV,B
Watches,B
Mobile Phones,B I
Video Games & Consoles,B I I I
Fax Toner,B I
Digital Answering Machine,B I I
portable fax machine,B I I
strain sensor,B I
carbon fibers,B I
carbon fiber,B I
Imaging Agents,B I
neuromorphic computing,B I
quantum mechanics,B I
color images,B I
fullcolor camera,B I
hybrid printed electronics,B I I
smart clothing,B I
Extruder,B
extruder,B
4D Printing,B I
4D printed tyre compound,B I I I
4D manufacturing,B I
built-in faxing,B I
Fax,B
internet fax service,B I I
fax service,B I
online fax service.like,B I I
fax,B
smart fabric,B I
cosmic dust detectors,B I I
spacesuit smart skins,B I I
smart fabrics,B I
pressurized suits,B I
EBOOK,B
Circuit board,B I
drilling,B
plating,B
soldermask coating,B I
nomenclature printing,B I
. 3D printing,B I I
three dimensional ( 3D ) printing,B I I I I I
3D printed guns,B I I
fused filament printing,B I I
anode,B
Smart Tab,B I
Tablet,B
monitors,B
Laptop,B
Tablets,B
Smart Home Displays,B I I
Smart Display,B I
Monitor,B
jigs,B
robotic end effectors,B I I
protective gear,B I
ABS,B
PC ABS,B I
Nylon 12 Carbon Fibre,B I I I
ASA,B
PETG,B
extruders,B
BTC,B
e skin,B I
pressure sensor,B I
e skins,B I
high resolution sensors,B I I
laserassisted additive manufacturing,B I I
Electronic Skin,B I
Smarter Robots,B I
Flexible Artificial Skin,B I I
Satellites,B
Atom thin transistor,B I I
semiconductors,B
", two dimensional transistor",B I I I
molybdenum disulfide,B I
black phosphorus based transistors,B I I I
smart thermostat,B I
thermostats,B
Wi-Fi enabled smart thermostats,B I I I
SmartSensors,B
Smart thermostats,B I
wearable smart pills,B I I
geospatial technology,B I
IR night vision,B I I
face recognition,B I
IR camera,B I
large aperture lens,B I I
sensitivity image sensor,B I I
full color camera,B I I
printed stent,B I
Printing Technology,B I
Self Assembly Lab,B I I
multi material technology,B I I
Printing,B
nano robot,B I
4d Printing,B I
printing techniques,B I
Flexible Manufacturing System,B I I
Intelligent dry fog dust suppression system,B I I I I I
smart dry fog dust suppression system,B I I I I I
high pressure water fogging system,B I I I I
lithium ion battery,B I I
"graphene coated nickel , cobalt , aluminum nanoparticle cathodes",B I I I I I I I I
Lithium ion batteries,B I I
reusable silicone N95 mask,B I I I
wire mesh active filter,B I I I
"3D printable , siliconecast mold",B I I I I
3D printable mold,B I I
silicone N95 masks,B I I
silicone masks,B I
N95 filters,B I
rechargeable mesh filter,B I I
fluorescent nanoparticle technology,B I I
3D printable silicone casting mold,B I I I I
rechargeable N95 filters,B I I
biogas electricity production,B I I
natural gas grid,B I I
Fax system,B I
FAX SYSTEM,B I
Fax System,B I
sewing machine,B I
Copier Machine,B I
Kyocera FAX SYSTEM,B I I
printers fax,B I
10K Mass Spectrometer,B I I
High Resolution Ultra Sensitive VOC Analyzer,B I I I I I
3D tripole reaction chamber,B I I I
Time of Flight mass spectrometer,B I I I I
Graphene enhanced Window Films,B I I I
Time Resolved Electron Microscopy,B I I I
Gel Permeation Chromatography,B I I
GPC,B
video recording,B I
CPU,B
GPU,B
LPBF,B
3D scanners,B I
multi material printing,B I I
IoT Accelerator,B I
Semiconductors,B
Superconductors,B
circuit boards,B I
fabric based flexible sensors,B I I I
integrated circuits,B I
3D Printers,B I
thin film coating,B I I
thermal transfer ribbons,B I I
augmented reality 3D display,B I I I
transparent retro reflective screen,B I I I
3D Image,B I
volumetric display,B I
multi view light field displays,B I I I I
